-- Insert sample users
INSERT OR IGNORE INTO users (username, email, password) VALUES
('alice', 'alice@example.com', 'password1'),
('bob', 'bob@example.com', 'password1'),
('charlie', 'charlie@example.com', 'password1'),
('ingo', 'ingo@ingo.com', 'ingo');

-- Insert sample flights
INSERT OR IGNORE INTO flight (flight_number, origin, destination, departure_time, available_seats) VALUES
('1', 'Reykjavik', 'Akureyri', '2025-04-10T10:00:00', 30),
('2', 'Akureyri', 'Reykjavik', '2025-04-10T12:00:00', 40),
('3', 'Reykjavik', 'Egilsstaðir', '2025-04-10T14:00:00', 50),
('4', 'Egilsstaðir', 'Reykjavik', '2025-04-10T16:00:00', 20),
('5', 'Reykjavik', 'Ísafjörður', '2025-04-10T18:00:00', 30),
('6', 'Ísafjörður', 'Reykjavik', '2025-04-10T20:00:00', 40),
('7', 'Reykjavik', 'Vestmannaeyjar', '2025-04-10T22:00:00', 50),
('8', 'Vestmannaeyjar', 'Reykjavik', '2025-04-11T00:00:00', 20),
('9', 'Reykjavik', 'Húsavík', '2025-04-11T02:00:00', 30),
('10', 'Húsavík', 'Reykjavik', '2025-04-10T08:00:00', 40),
('11', 'Reykjavik', 'Akureyri', '2025-04-11T10:00:00', 50),
('12', 'Akureyri', 'Reykjavik', '2025-04-11T12:00:00', 20),
('13', 'Reykjavik', 'Egilsstaðir', '2025-04-11T14:00:00', 30),
('14', 'Egilsstaðir', 'Reykjavik', '2025-04-11T16:00:00', 40),
('15', 'Reykjavik', 'Ísafjörður', '2025-04-11T18:00:00', 50),
('16', 'Ísafjörður', 'Reykjavik', '2025-04-11T20:00:00', 20),
('17', 'Reykjavik', 'Vestmannaeyjar', '2025-04-11T22:00:00', 30),
('18', 'Vestmannaeyjar', 'Reykjavik', '2025-04-12T00:00:00', 40),
('19', 'Reykjavik', 'Húsavík', '2025-04-12T02:00:00', 50),
('20', 'Húsavík', 'Reykjavik', '2025-04-11T08:00:00', 20),
('21', 'Reykjavik', 'Akureyri', '2025-04-12T10:00:00', 30),
('22', 'Akureyri', 'Reykjavik', '2025-04-12T12:00:00', 40),
('23', 'Reykjavik', 'Egilsstaðir', '2025-04-12T14:00:00', 50),
('24', 'Egilsstaðir', 'Reykjavik', '2025-04-12T16:00:00', 20),
('25', 'Reykjavik', 'Ísafjörður', '2025-04-12T18:00:00', 30),
('26', 'Ísafjörður', 'Reykjavik', '2025-04-12T20:00:00', 40),
('27', 'Reykjavik', 'Vestmannaeyjar', '2025-04-12T22:00:00', 50),
('28', 'Vestmannaeyjar', 'Reykjavik', '2025-04-13T00:00:00', 20),
('29', 'Reykjavik', 'Húsavík', '2025-04-13T02:00:00', 30),
('30', 'Húsavík', 'Reykjavik', '2025-04-12T08:00:00', 40),
('31', 'Reykjavik', 'Akureyri', '2025-04-13T10:00:00', 50),
('32', 'Akureyri', 'Reykjavik', '2025-04-13T12:00:00', 20),
('33', 'Reykjavik', 'Egilsstaðir', '2025-04-13T14:00:00', 30),
('34', 'Egilsstaðir', 'Reykjavik', '2025-04-13T16:00:00', 40),
('35', 'Reykjavik', 'Ísafjörður', '2025-04-13T18:00:00', 50),
('36', 'Ísafjörður', 'Reykjavik', '2025-04-13T20:00:00', 20),
('37', 'Reykjavik', 'Vestmannaeyjar', '2025-04-13T22:00:00', 30),
('38', 'Vestmannaeyjar', 'Reykjavik', '2025-04-14T00:00:00', 40),
('39', 'Reykjavik', 'Húsavík', '2025-04-14T02:00:00', 50),
('40', 'Húsavík', 'Reykjavik', '2025-04-13T08:00:00', 20),
('41', 'Reykjavik', 'Akureyri', '2025-04-14T10:00:00', 30),
('42', 'Akureyri', 'Reykjavik', '2025-04-14T12:00:00', 40),
('43', 'Reykjavik', 'Egilsstaðir', '2025-04-14T14:00:00', 50),
('44', 'Egilsstaðir', 'Reykjavik', '2025-04-14T16:00:00', 20),
('45', 'Reykjavik', 'Ísafjörður', '2025-04-14T18:00:00', 30),
('46', 'Ísafjörður', 'Reykjavik', '2025-04-14T20:00:00', 40),
('47', 'Reykjavik', 'Vestmannaeyjar', '2025-04-14T22:00:00', 50),
('48', 'Vestmannaeyjar', 'Reykjavik', '2025-04-15T00:00:00', 20),
('49', 'Reykjavik', 'Húsavík', '2025-04-15T02:00:00', 30),
('50', 'Húsavík', 'Reykjavik', '2025-04-14T08:00:00', 40),
('51', 'Reykjavik', 'Akureyri', '2025-04-15T10:00:00', 50),
('52', 'Akureyri', 'Reykjavik', '2025-04-15T12:00:00', 20),
('53', 'Reykjavik', 'Egilsstaðir', '2025-04-15T14:00:00', 30),
('54', 'Egilsstaðir', 'Reykjavik', '2025-04-15T16:00:00', 40),
('55', 'Reykjavik', 'Ísafjörður', '2025-04-15T18:00:00', 50),
('56', 'Ísafjörður', 'Reykjavik', '2025-04-15T20:00:00', 20),
('57', 'Reykjavik', 'Vestmannaeyjar', '2025-04-15T22:00:00', 30),
('58', 'Vestmannaeyjar', 'Reykjavik', '2025-04-16T00:00:00', 40),
('59', 'Reykjavik', 'Húsavík', '2025-04-16T02:00:00', 50),
('60', 'Húsavík', 'Reykjavik', '2025-04-15T08:00:00', 20),
('61', 'Reykjavik', 'Akureyri', '2025-04-16T10:00:00', 30),
('62', 'Akureyri', 'Reykjavik', '2025-04-16T12:00:00', 40),
('63', 'Reykjavik', 'Egilsstaðir', '2025-04-16T14:00:00', 50),
('64', 'Egilsstaðir', 'Reykjavik', '2025-04-16T16:00:00', 20),
('65', 'Reykjavik', 'Ísafjörður', '2025-04-16T18:00:00', 30),
('66', 'Ísafjörður', 'Reykjavik', '2025-04-16T20:00:00', 40),
('67', 'Reykjavik', 'Vestmannaeyjar', '2025-04-16T22:00:00', 50),
('68', 'Vestmannaeyjar', 'Reykjavik', '2025-04-17T00:00:00', 20),
('69', 'Reykjavik', 'Húsavík', '2025-04-17T02:00:00', 30),
('70', 'Húsavík', 'Reykjavik', '2025-04-16T08:00:00', 40),
('71', 'Reykjavik', 'Akureyri', '2025-04-17T10:00:00', 50),
('72', 'Akureyri', 'Reykjavik', '2025-04-17T12:00:00', 20),
('73', 'Reykjavik', 'Egilsstaðir', '2025-04-17T14:00:00', 30),
('74', 'Egilsstaðir', 'Reykjavik', '2025-04-17T16:00:00', 40),
('75', 'Reykjavik', 'Ísafjörður', '2025-04-17T18:00:00', 50),
('76', 'Ísafjörður', 'Reykjavik', '2025-04-17T20:00:00', 20),
('77', 'Reykjavik', 'Vestmannaeyjar', '2025-04-17T22:00:00', 30),
('78', 'Vestmannaeyjar', 'Reykjavik', '2025-04-18T00:00:00', 40),
('79', 'Reykjavik', 'Húsavík', '2025-04-18T02:00:00', 50),
('80', 'Húsavík', 'Reykjavik', '2025-04-17T08:00:00', 20),
('81', 'Reykjavik', 'Akureyri', '2025-04-18T10:00:00', 30),
('82', 'Akureyri', 'Reykjavik', '2025-04-18T12:00:00', 40),
('83', 'Reykjavik', 'Egilsstaðir', '2025-04-18T14:00:00', 50),
('84', 'Egilsstaðir', 'Reykjavik', '2025-04-18T16:00:00', 20),
('85', 'Reykjavik', 'Ísafjörður', '2025-04-18T18:00:00', 30),
('86', 'Ísafjörður', 'Reykjavik', '2025-04-18T20:00:00', 40),
('87', 'Reykjavik', 'Vestmannaeyjar', '2025-04-18T22:00:00', 50),
('88', 'Vestmannaeyjar', 'Reykjavik', '2025-04-19T00:00:00', 20),
('89', 'Reykjavik', 'Húsavík', '2025-04-19T02:00:00', 30),
('90', 'Húsavík', 'Reykjavik', '2025-04-18T08:00:00', 40),
('91', 'Reykjavik', 'Akureyri', '2025-04-19T10:00:00', 50),
('92', 'Akureyri', 'Reykjavik', '2025-04-19T12:00:00', 20),
('93', 'Reykjavik', 'Egilsstaðir', '2025-04-19T14:00:00', 30),
('94', 'Egilsstaðir', 'Reykjavik', '2025-04-19T16:00:00', 40),
('95', 'Reykjavik', 'Ísafjörður', '2025-04-19T18:00:00', 50),
('96', 'Ísafjörður', 'Reykjavik', '2025-04-19T20:00:00', 20),
('97', 'Reykjavik', 'Vestmannaeyjar', '2025-04-19T22:00:00', 30),
('98', 'Vestmannaeyjar', 'Reykjavik', '2025-04-20T00:00:00', 40),
('99', 'Reykjavik', 'Húsavík', '2025-04-20T02:00:00', 50),
('100', 'Húsavík', 'Reykjavik', '2025-04-19T08:00:00', 20);

-- Insert sample bookings
INSERT OR IGNORE INTO bookings (username, flight_number, seats_booked) VALUES
('alice', '1', 1),
('bob', '3', 2),
('charlie', '5', 1),
('alice', '2', 1),
('bob', '4', 1),
('charlie', '6', 2),
('alice', '7', 1),
('bob', '8', 1),
('charlie', '9', 1),
('alice', '10', 1);
